subject,video,type,type_idx,startFrame,endFrame,frame_num,length
006,./SAMM_longvideos/006_1,Macro,1,566,743,8748,176
006,./SAMM_longvideos/006_1,Macro,1,8607,8728,8748,121
006,./SAMM_longvideos/006_1,Micro,2,324,403,8748,79
006,./SAMM_longvideos/006_1,Micro,2,1912,1988,8748,76
006,./SAMM_longvideos/006_1,Micro,2,3343,3424,8748,81
006,./SAMM_longvideos/006_1,Micro,2,3562,3632,8748,70
006,./SAMM_longvideos/006_1,Micro,2,5160,5259,8748,99
006,./SAMM_longvideos/006_2,Macro,1,326,814,2400,488
006,./SAMM_longvideos/006_2,Macro,1,1659,2262,2400,603
006,./SAMM_longvideos/006_2,Micro,2,80,174,2400,94
006,./SAMM_longvideos/006_3,Macro,1,721,1155,3500,434
006,./SAMM_longvideos/006_3,Macro,1,2281,2905,3500,624
006,./SAMM_longvideos/006_3,Macro,1,3004,3412,3500,408
006,./SAMM_longvideos/006_3,Micro,2,139,202,3500,63
006,./SAMM_longvideos/006_3,Micro,2,1287,1356,3500,69
006,./SAMM_longvideos/006_4,Macro,1,118,1658,4800,1539
006,./SAMM_longvideos/006_4,Macro,1,1727,4239,4800,2512
006,./SAMM_longvideos/006_4,Macro,1,4204,4380,4800,176
006,./SAMM_longvideos/006_4,Macro,1,4485,4709,4800,223
006,./SAMM_longvideos/006_5,Macro,1,105,402,5051,296
006,./SAMM_longvideos/006_5,Macro,1,744,1133,5051,388
006,./SAMM_longvideos/006_5,Macro,1,1385,1729,5051,344
006,./SAMM_longvideos/006_5,Macro,1,1996,2305,5051,308
006,./SAMM_longvideos/006_5,Macro,1,3337,3457,5051,120
006,./SAMM_longvideos/006_5,Macro,1,4267,4433,5051,166
006,./SAMM_longvideos/006_5,Micro,2,1136,1214,5051,78
006,./SAMM_longvideos/006_5,Micro,2,1830,1926,5051,96
006,./SAMM_longvideos/006_5,Micro,2,4958,5051,5051,93
006,./SAMM_longvideos/006_6,Macro,1,496,731,5000,235
006,./SAMM_longvideos/006_6,Macro,1,520,1024,5000,504
006,./SAMM_longvideos/006_6,Macro,1,1684,2132,5000,447
006,./SAMM_longvideos/006_6,Macro,1,3913,4586,5000,672
006,./SAMM_longvideos/006_7,Macro,1,194,431,800,237
006,./SAMM_longvideos/006_7,Macro,1,545,708,800,163
007,./SAMM_longvideos/007_3,Micro,2,246,291,500,45
007,./SAMM_longvideos/007_4,Micro,2,300,399,700,99
007,./SAMM_longvideos/007_5,Macro,1,2651,3460,3800,808
007,./SAMM_longvideos/007_5,Micro,2,259,335,3800,76
007,./SAMM_longvideos/007_5,Micro,2,2933,3032,3800,99
007,./SAMM_longvideos/007_6,Macro,1,1197,1467,2700,269
007,./SAMM_longvideos/007_6,Micro,2,397,441,2700,44
007,./SAMM_longvideos/007_6,Micro,2,549,623,2700,74
007,./SAMM_longvideos/007_6,Micro,2,1196,1277,2700,81
007,./SAMM_longvideos/007_6,Micro,2,2460,2517,2700,57
007,./SAMM_longvideos/007_7,Macro,1,595,1043,7500,448
007,./SAMM_longvideos/007_7,Macro,1,1523,1835,7500,311
007,./SAMM_longvideos/007_7,Macro,1,6756,7284,7500,528
007,./SAMM_longvideos/007_7,Micro,2,254,337,7500,83
007,./SAMM_longvideos/007_7,Micro,2,6730,6770,7500,40
008,./SAMM_longvideos/008_1,Macro,1,301,669,901,367
008,./SAMM_longvideos/008_5,Macro,1,741,913,1490,171
008,./SAMM_longvideos/008_6,Macro,1,413,549,1000,136
008,./SAMM_longvideos/008_7,Macro,1,704,1077,5500,372
008,./SAMM_longvideos/008_7,Macro,1,5045,5281,5500,236
009,./SAMM_longvideos/009_2,Micro,2,577,641,1000,64
009,./SAMM_longvideos/009_3,Macro,1,414,541,3120,127
009,./SAMM_longvideos/009_3,Macro,1,1493,1605,3120,112
009,./SAMM_longvideos/009_3,Macro,1,2442,2723,3120,280
009,./SAMM_longvideos/009_3,Micro,2,1356,1432,3120,76
009,./SAMM_longvideos/009_3,Micro,2,1468,1545,3120,77
009,./SAMM_longvideos/009_3,Micro,2,2834,2919,3120,85
009,./SAMM_longvideos/009_4,Macro,1,563,865,1000,301
009,./SAMM_longvideos/009_6,Macro,1,462,595,758,133
009,./SAMM_longvideos/009_7,Macro,1,102,275,818,172
010,./SAMM_longvideos/010_1,Macro,1,89,209,1266,120
010,./SAMM_longvideos/010_1,Macro,1,837,1135,1266,297
010,./SAMM_longvideos/010_2,Macro,1,736,915,4887,178
010,./SAMM_longvideos/010_2,Macro,1,1378,1494,4887,116
010,./SAMM_longvideos/010_2,Macro,1,1672,1962,4887,289
010,./SAMM_longvideos/010_2,Macro,1,2405,2517,4887,112
010,./SAMM_longvideos/010_2,Macro,1,3393,3762,4887,369
010,./SAMM_longvideos/010_2,Macro,1,4243,4421,4887,178
010,./SAMM_longvideos/010_2,Macro,1,4434,4644,4887,210
010,./SAMM_longvideos/010_2,Macro,1,4645,4886,4887,241
010,./SAMM_longvideos/010_2,Micro,2,192,228,4887,36
010,./SAMM_longvideos/010_2,Micro,2,1211,1288,4887,77
010,./SAMM_longvideos/010_3,Macro,1,793,1485,4072,692
010,./SAMM_longvideos/010_3,Macro,1,1367,1480,4072,113
010,./SAMM_longvideos/010_3,Macro,1,2000,2425,4072,425
010,./SAMM_longvideos/010_3,Macro,1,3778,3934,4072,156
010,./SAMM_longvideos/010_4,Macro,1,1001,1180,4000,179
010,./SAMM_longvideos/010_4,Micro,2,528,557,4000,29
010,./SAMM_longvideos/010_4,Micro,2,3708,3738,4000,30
010,./SAMM_longvideos/010_5,Macro,1,665,1636,3200,971
010,./SAMM_longvideos/010_5,Macro,1,2424,2871,3200,447
010,./SAMM_longvideos/010_6,Macro,1,661,847,847,186
010,./SAMM_longvideos/010_7,Macro,1,127,626,1001,499
011,./SAMM_longvideos/011_1,Macro,1,31,306,6201,275
011,./SAMM_longvideos/011_1,Macro,1,4024,4346,6201,322
011,./SAMM_longvideos/011_1,Macro,1,5736,5914,6201,177
011,./SAMM_longvideos/011_1,Micro,2,3080,3168,6201,88
011,./SAMM_longvideos/011_2,Macro,1,1,2764,4732,2763
011,./SAMM_longvideos/011_2,Macro,1,3729,3843,4732,114
011,./SAMM_longvideos/011_2,Macro,1,4234,4365,4732,131
011,./SAMM_longvideos/011_2,Micro,2,2029,2068,4732,39
011,./SAMM_longvideos/011_2,Micro,2,2069,2125,4732,56
011,./SAMM_longvideos/011_2,Micro,2,3361,3449,4732,88
011,./SAMM_longvideos/011_2,Micro,2,3885,3974,4732,89
011,./SAMM_longvideos/011_3,Macro,1,836,956,1781,120
011,./SAMM_longvideos/011_3,Macro,1,914,1069,1781,155
011,./SAMM_longvideos/011_3,Macro,1,1455,1781,1781,326
011,./SAMM_longvideos/011_3,Micro,2,363,411,1781,48
011,./SAMM_longvideos/011_3,Micro,2,841,920,1781,79
011,./SAMM_longvideos/011_3,Micro,2,944,1031,1781,87
011,./SAMM_longvideos/011_3,Micro,2,1208,1308,1781,100
011,./SAMM_longvideos/011_4,Macro,1,63,285,7001,222
011,./SAMM_longvideos/011_4,Macro,1,313,744,7001,431
011,./SAMM_longvideos/011_4,Macro,1,803,1014,7001,211
011,./SAMM_longvideos/011_4,Macro,1,1639,1830,7001,190
011,./SAMM_longvideos/011_4,Macro,1,1902,2070,7001,167
011,./SAMM_longvideos/011_4,Macro,1,2477,2675,7001,198
011,./SAMM_longvideos/011_4,Macro,1,2692,2829,7001,137
011,./SAMM_longvideos/011_4,Macro,1,2969,3076,7001,107
011,./SAMM_longvideos/011_4,Macro,1,4870,5041,7001,170
011,./SAMM_longvideos/011_4,Macro,1,6677,6821,7001,143
011,./SAMM_longvideos/011_4,Micro,2,2755,2853,7001,98
011,./SAMM_longvideos/011_4,Micro,2,2980,3037,7001,57
011,./SAMM_longvideos/011_4,Micro,2,4158,4254,7001,96
011,./SAMM_longvideos/011_4,Micro,2,6750,6803,7001,53
011,./SAMM_longvideos/011_5,Macro,1,181,622,9501,441
011,./SAMM_longvideos/011_5,Macro,1,834,1028,9501,194
011,./SAMM_longvideos/011_5,Macro,1,1020,1122,9501,102
011,./SAMM_longvideos/011_5,Macro,1,1778,1950,9501,172
011,./SAMM_longvideos/011_5,Macro,1,2451,2587,9501,136
011,./SAMM_longvideos/011_5,Macro,1,3667,3818,9501,150
011,./SAMM_longvideos/011_5,Macro,1,4049,4230,9501,181
011,./SAMM_longvideos/011_5,Macro,1,4461,4646,9501,185
011,./SAMM_longvideos/011_5,Macro,1,6740,6866,9501,126
011,./SAMM_longvideos/011_5,Macro,1,6862,7189,9501,326
011,./SAMM_longvideos/011_5,Macro,1,8660,8861,9501,200
011,./SAMM_longvideos/011_5,Micro,2,1048,1088,9501,40
011,./SAMM_longvideos/011_6,Macro,1,0,4123,5721,4123
011,./SAMM_longvideos/011_6,Macro,1,0,2856,5721,2856
011,./SAMM_longvideos/011_6,Macro,1,179,443,5721,263
011,./SAMM_longvideos/011_6,Macro,1,556,817,5721,261
011,./SAMM_longvideos/011_6,Macro,1,967,2050,5721,1083
011,./SAMM_longvideos/011_6,Macro,1,2684,2827,5721,143
011,./SAMM_longvideos/011_6,Macro,1,2857,3988,5721,1131
011,./SAMM_longvideos/011_6,Macro,1,4171,4339,5721,168
011,./SAMM_longvideos/011_6,Macro,1,4771,5720,5721,949
011,./SAMM_longvideos/011_6,Micro,2,2504,2602,5721,98
011,./SAMM_longvideos/011_6,Micro,2,2607,2680,5721,73
011,./SAMM_longvideos/011_6,Micro,2,4422,4486,5721,64
011,./SAMM_longvideos/011_6,Micro,2,4523,4619,5721,96
011,./SAMM_longvideos/011_7,Macro,1,351,501,8815,150
011,./SAMM_longvideos/011_7,Macro,1,576,1179,8815,602
011,./SAMM_longvideos/011_7,Macro,1,1204,1313,8815,109
011,./SAMM_longvideos/011_7,Macro,1,2841,3133,8815,291
011,./SAMM_longvideos/011_7,Macro,1,3585,3705,8815,120
011,./SAMM_longvideos/011_7,Macro,1,4120,4348,8815,228
011,./SAMM_longvideos/011_7,Macro,1,4352,4557,8815,205
011,./SAMM_longvideos/011_7,Macro,1,5571,5816,8815,245
011,./SAMM_longvideos/011_7,Macro,1,5902,6253,8815,350
011,./SAMM_longvideos/011_7,Macro,1,7935,8405,8815,470
011,./SAMM_longvideos/011_7,Micro,2,1220,1269,8815,49
011,./SAMM_longvideos/011_7,Micro,2,3599,3680,8815,81
012,./SAMM_longvideos/012_3,Macro,1,0,5052,5476,5052
012,./SAMM_longvideos/012_3,Macro,1,5030,5475,5476,445
012,./SAMM_longvideos/012_3,Micro,2,4621,4676,5476,55
012,./SAMM_longvideos/012_3,Micro,2,4697,4796,5476,99
012,./SAMM_longvideos/012_5,Macro,1,617,800,1000,183
012,./SAMM_longvideos/012_6,Macro,1,239,354,4679,115
012,./SAMM_longvideos/012_6,Macro,1,2887,3067,4679,179
012,./SAMM_longvideos/012_6,Macro,1,4083,4279,4679,196
012,./SAMM_longvideos/012_6,Macro,1,4343,4514,4679,171
012,./SAMM_longvideos/012_7,Macro,1,952,1181,1500,228
012,./SAMM_longvideos/012_7,Micro,2,871,923,1500,52
013,./SAMM_longvideos/013_1,Macro,1,677,833,8001,156
013,./SAMM_longvideos/013_1,Macro,1,3699,3903,8001,204
013,./SAMM_longvideos/013_1,Macro,1,7183,7364,8001,181
013,./SAMM_longvideos/013_1,Macro,1,7262,7372,8001,110
013,./SAMM_longvideos/013_1,Micro,2,706,802,8001,96
013,./SAMM_longvideos/013_1,Micro,2,841,919,8001,78
013,./SAMM_longvideos/013_1,Micro,2,3802,3890,8001,88
013,./SAMM_longvideos/013_1,Micro,2,4490,4582,8001,92
013,./SAMM_longvideos/013_1,Micro,2,5658,5739,8001,81
013,./SAMM_longvideos/013_2,Macro,1,444,602,2889,158
013,./SAMM_longvideos/013_2,Macro,1,2177,2347,2889,169
013,./SAMM_longvideos/013_3,Macro,1,636,775,1000,138
013,./SAMM_longvideos/013_6,Macro,1,393,697,1000,303
013,./SAMM_longvideos/013_7,Macro,1,224,423,8787,199
013,./SAMM_longvideos/013_7,Macro,1,1829,1981,8787,152
013,./SAMM_longvideos/013_7,Macro,1,3254,3408,8787,153
013,./SAMM_longvideos/013_7,Macro,1,4041,4272,8787,231
013,./SAMM_longvideos/013_7,Macro,1,7533,7830,8787,296
013,./SAMM_longvideos/013_7,Macro,1,8215,8570,8787,355
013,./SAMM_longvideos/013_7,Micro,2,2077,2167,8787,90
014,./SAMM_longvideos/014_1,Macro,1,600,941,3001,340
014,./SAMM_longvideos/014_1,Macro,1,1501,1699,3001,198
014,./SAMM_longvideos/014_1,Micro,2,667,753,3001,86
014,./SAMM_longvideos/014_1,Micro,2,2357,2398,3001,41
014,./SAMM_longvideos/014_2,Macro,1,753,1271,4960,517
014,./SAMM_longvideos/014_2,Macro,1,2386,2591,4960,205
014,./SAMM_longvideos/014_2,Micro,2,3874,3968,4960,94
014,./SAMM_longvideos/014_2,Micro,2,4616,4705,4960,89
014,./SAMM_longvideos/014_3,Macro,1,411,565,2510,154
014,./SAMM_longvideos/014_3,Macro,1,1926,2067,2510,141
014,./SAMM_longvideos/014_3,Macro,1,1965,2072,2510,107
014,./SAMM_longvideos/014_3,Micro,2,426,523,2510,97
014,./SAMM_longvideos/014_3,Micro,2,1635,1714,2510,79
014,./SAMM_longvideos/014_4,Macro,1,343,548,3456,205
014,./SAMM_longvideos/014_4,Macro,1,1503,1736,3456,232
014,./SAMM_longvideos/014_4,Macro,1,2901,3094,3456,193
014,./SAMM_longvideos/014_5,Macro,1,445,613,2501,168
014,./SAMM_longvideos/014_5,Macro,1,1809,1922,2501,113
014,./SAMM_longvideos/014_5,Micro,2,469,557,2501,88
014,./SAMM_longvideos/014_6,Macro,1,1170,1275,4915,105
014,./SAMM_longvideos/014_6,Macro,1,2092,2211,4915,119
014,./SAMM_longvideos/014_6,Macro,1,4642,4914,4915,272
014,./SAMM_longvideos/014_6,Micro,2,128,196,4915,68
014,./SAMM_longvideos/014_6,Micro,2,1190,1253,4915,63
014,./SAMM_longvideos/014_6,Micro,2,1316,1350,4915,34
014,./SAMM_longvideos/014_7,Macro,1,441,583,7634,142
014,./SAMM_longvideos/014_7,Macro,1,2327,2791,7634,464
014,./SAMM_longvideos/014_7,Macro,1,3015,3439,7634,424
014,./SAMM_longvideos/014_7,Macro,1,4724,4994,7634,270
014,./SAMM_longvideos/014_7,Macro,1,6694,7115,7634,421
014,./SAMM_longvideos/014_7,Micro,2,3529,3598,7634,69
015,./SAMM_longvideos/015_1,Macro,1,23,168,5501,145
015,./SAMM_longvideos/015_1,Macro,1,297,595,5501,298
015,./SAMM_longvideos/015_1,Macro,1,4853,5168,5501,314
015,./SAMM_longvideos/015_3,Macro,1,206,308,707,102
015,./SAMM_longvideos/015_3,Macro,1,345,707,707,362
015,./SAMM_longvideos/015_5,Macro,1,425,617,2000,192
015,./SAMM_longvideos/015_5,Macro,1,876,979,2000,103
015,./SAMM_longvideos/015_5,Macro,1,1051,1202,2000,151
015,./SAMM_longvideos/015_5,Micro,2,550,627,2000,77
015,./SAMM_longvideos/015_5,Micro,2,880,942,2000,62
015,./SAMM_longvideos/015_5,Micro,2,1087,1159,2000,72
015,./SAMM_longvideos/015_6,Macro,1,339,549,5965,210
015,./SAMM_longvideos/015_6,Macro,1,530,907,5965,376
015,./SAMM_longvideos/015_6,Macro,1,2438,2777,5965,339
015,./SAMM_longvideos/015_6,Macro,1,4561,4944,5965,382
015,./SAMM_longvideos/015_6,Macro,1,5587,5890,5965,302
015,./SAMM_longvideos/015_7,Macro,1,69,438,964,369
015,./SAMM_longvideos/015_7,Macro,1,439,802,964,363
016,./SAMM_longvideos/016_1,Macro,1,501,742,3000,241
016,./SAMM_longvideos/016_1,Macro,1,2525,2861,3000,335
016,./SAMM_longvideos/016_2,Macro,1,783,1060,1501,276
016,./SAMM_longvideos/016_4,Macro,1,690,1014,1500,323
016,./SAMM_longvideos/016_5,Macro,1,39,184,1001,145
016,./SAMM_longvideos/016_6,Macro,1,349,2144,2723,1794
016,./SAMM_longvideos/016_6,Macro,1,2375,2634,2723,258
016,./SAMM_longvideos/016_7,Macro,1,117,563,11770,446
016,./SAMM_longvideos/016_7,Macro,1,2493,2685,11770,191
016,./SAMM_longvideos/016_7,Macro,1,2799,2908,11770,109
016,./SAMM_longvideos/016_7,Macro,1,3291,3464,11770,173
016,./SAMM_longvideos/016_7,Micro,2,1275,1323,11770,48
016,./SAMM_longvideos/016_7,Micro,2,2840,2892,11770,52
016,./SAMM_longvideos/016_7,Micro,2,3395,3447,11770,52
016,./SAMM_longvideos/016_7,Micro,2,5120,5207,11770,87
016,./SAMM_longvideos/016_7,Micro,2,11256,11349,11770,93
017,./SAMM_longvideos/017_1,Macro,1,651,1050,1500,398
017,./SAMM_longvideos/017_2,Macro,1,459,592,1001,133
017,./SAMM_longvideos/017_3,Macro,1,315,433,2001,118
017,./SAMM_longvideos/017_3,Micro,2,83,165,2001,82
017,./SAMM_longvideos/017_3,Micro,2,174,264,2001,90
017,./SAMM_longvideos/017_3,Micro,2,312,387,2001,75
017,./SAMM_longvideos/017_3,Micro,2,1393,1492,2001,99
017,./SAMM_longvideos/017_4,Macro,1,208,442,1001,234
017,./SAMM_longvideos/017_5,Macro,1,526,1008,1500,482
017,./SAMM_longvideos/017_6,Macro,1,1600,1892,2500,291
017,./SAMM_longvideos/017_6,Micro,2,416,508,2500,92
017,./SAMM_longvideos/017_6,Micro,2,607,678,2500,71
018,./SAMM_longvideos/018_1,Micro,2,521,607,658,86
018,./SAMM_longvideos/018_2,Macro,1,243,813,2742,570
018,./SAMM_longvideos/018_2,Macro,1,1965,2158,2742,192
018,./SAMM_longvideos/018_3,Macro,1,0,2563,3001,2563
018,./SAMM_longvideos/018_3,Macro,1,1501,1682,3001,181
018,./SAMM_longvideos/018_3,Micro,2,1405,1500,3001,95
018,./SAMM_longvideos/018_4,Macro,1,0,1334,5531,1334
018,./SAMM_longvideos/018_4,Macro,1,0,2250,5531,2250
018,./SAMM_longvideos/018_4,Macro,1,0,5174,5531,5174
018,./SAMM_longvideos/018_4,Macro,1,392,549,5531,157
018,./SAMM_longvideos/018_4,Macro,1,418,541,5531,123
018,./SAMM_longvideos/018_4,Macro,1,537,785,5531,248
018,./SAMM_longvideos/018_4,Macro,1,1474,1889,5531,415
018,./SAMM_longvideos/018_4,Macro,1,1892,2056,5531,164
018,./SAMM_longvideos/018_4,Macro,1,4775,5131,5531,356
018,./SAMM_longvideos/018_5,Macro,1,442,741,6000,298
018,./SAMM_longvideos/018_5,Macro,1,2040,2671,6000,631
018,./SAMM_longvideos/018_5,Macro,1,5428,5579,6000,151
018,./SAMM_longvideos/018_5,Micro,2,5491,5560,6000,69
018,./SAMM_longvideos/018_6,Macro,1,0,1267,5558,1267
018,./SAMM_longvideos/018_6,Macro,1,0,5155,5558,5155
018,./SAMM_longvideos/018_6,Macro,1,891,1344,5558,453
018,./SAMM_longvideos/018_6,Macro,1,4334,4705,5558,371
018,./SAMM_longvideos/018_6,Macro,1,4718,5192,5558,474
018,./SAMM_longvideos/018_7,Macro,1,139,499,720,360
018,./SAMM_longvideos/018_7,Micro,2,133,175,720,42
019,./SAMM_longvideos/019_1,Macro,1,455,674,6000,219
019,./SAMM_longvideos/019_1,Macro,1,723,861,6000,138
019,./SAMM_longvideos/019_1,Macro,1,3703,3857,6000,154
019,./SAMM_longvideos/019_1,Macro,1,3987,4157,6000,170
019,./SAMM_longvideos/019_1,Macro,1,4271,4525,6000,253
019,./SAMM_longvideos/019_1,Macro,1,5486,5875,6000,389
019,./SAMM_longvideos/019_2,Macro,1,43,282,1001,239
019,./SAMM_longvideos/019_3,Macro,1,2787,2888,3000,101
019,./SAMM_longvideos/019_3,Micro,2,372,471,3000,99
019,./SAMM_longvideos/019_4,Micro,2,496,550,1000,54
019,./SAMM_longvideos/019_5,Macro,1,449,615,3000,166
019,./SAMM_longvideos/019_5,Macro,1,1188,1329,3000,141
019,./SAMM_longvideos/019_5,Macro,1,2094,2232,3000,138
019,./SAMM_longvideos/019_5,Macro,1,2139,2240,3000,101
019,./SAMM_longvideos/019_5,Micro,2,1227,1308,3000,81
019,./SAMM_longvideos/019_7,Macro,1,397,532,2000,134
019,./SAMM_longvideos/019_7,Macro,1,975,1140,2000,165
020,./SAMM_longvideos/020_1,Macro,1,574,683,8000,109
020,./SAMM_longvideos/020_1,Macro,1,2200,2347,8000,146
020,./SAMM_longvideos/020_1,Macro,1,6674,6820,8000,145
020,./SAMM_longvideos/020_1,Micro,2,2228,2283,8000,55
020,./SAMM_longvideos/020_1,Micro,2,2304,2337,8000,33
020,./SAMM_longvideos/020_1,Micro,2,6751,6825,8000,74
020,./SAMM_longvideos/020_1,Micro,2,7614,7709,8000,95
020,./SAMM_longvideos/020_2,Macro,1,665,802,1001,137
020,./SAMM_longvideos/020_3,Macro,1,629,2509,3601,1880
020,./SAMM_longvideos/020_3,Macro,1,2943,3601,3601,658
020,./SAMM_longvideos/020_4,Macro,1,584,727,4001,143
020,./SAMM_longvideos/020_4,Macro,1,1080,1236,4001,156
020,./SAMM_longvideos/020_4,Macro,1,2834,3006,4001,172
020,./SAMM_longvideos/020_4,Micro,2,1482,1528,4001,46
020,./SAMM_longvideos/020_4,Micro,2,3440,3497,4001,57
020,./SAMM_longvideos/020_5,Macro,1,548,706,1000,157
020,./SAMM_longvideos/020_6,Macro,1,0,2989,5001,2989
020,./SAMM_longvideos/020_6,Macro,1,209,1241,5001,1032
020,./SAMM_longvideos/020_6,Macro,1,1310,2262,5001,952
020,./SAMM_longvideos/020_6,Macro,1,3231,3477,5001,246
020,./SAMM_longvideos/020_7,Macro,1,88,264,9638,176
020,./SAMM_longvideos/020_7,Macro,1,2547,2695,9638,148
020,./SAMM_longvideos/020_7,Macro,1,2853,3310,9638,456
020,./SAMM_longvideos/020_7,Macro,1,4758,4949,9638,191
020,./SAMM_longvideos/020_7,Macro,1,5212,5519,9638,306
020,./SAMM_longvideos/020_7,Macro,1,7710,7857,9638,146
020,./SAMM_longvideos/020_7,Macro,1,8430,8575,9638,144
020,./SAMM_longvideos/020_7,Macro,1,9205,9637,9638,432
020,./SAMM_longvideos/020_7,Micro,2,147,238,9638,91
020,./SAMM_longvideos/020_7,Micro,2,8518,8577,9638,59
020,./SAMM_longvideos/020_7,Micro,2,9071,9165,9638,94
021,./SAMM_longvideos/021_3,Macro,1,884,1488,13057,604
021,./SAMM_longvideos/021_3,Macro,1,3051,3338,13057,287
021,./SAMM_longvideos/021_7,Micro,2,853,942,5000,89
021,./SAMM_longvideos/021_7,Micro,2,3589,3646,5000,57
022,./SAMM_longvideos/022_2,Macro,1,1247,1418,5233,171
022,./SAMM_longvideos/022_2,Macro,1,2054,2177,5233,123
022,./SAMM_longvideos/022_2,Macro,1,2759,2985,5233,226
022,./SAMM_longvideos/022_2,Macro,1,5039,5200,5233,161
022,./SAMM_longvideos/022_2,Micro,2,402,501,5233,99
022,./SAMM_longvideos/022_3,Macro,1,478,931,4001,453
022,./SAMM_longvideos/022_3,Macro,1,1441,1562,4001,121
022,./SAMM_longvideos/022_3,Micro,2,380,428,4001,48
022,./SAMM_longvideos/022_3,Micro,2,3659,3697,4001,38
022,./SAMM_longvideos/022_4,Micro,2,492,569,1001,77
022,./SAMM_longvideos/022_5,Micro,2,335,405,1001,70
022,./SAMM_longvideos/022_6,Macro,1,496,640,1000,143
023,./SAMM_longvideos/023_1,Micro,2,524,574,1000,50
023,./SAMM_longvideos/023_4,Macro,1,151,602,1001,451
024,./SAMM_longvideos/024_2,Macro,1,564,720,1702,156
024,./SAMM_longvideos/024_2,Macro,1,761,875,1702,114
024,./SAMM_longvideos/024_2,Micro,2,763,835,1702,72
024,./SAMM_longvideos/024_3,Macro,1,1860,2016,3001,156
024,./SAMM_longvideos/024_3,Macro,1,2047,2234,3001,187
024,./SAMM_longvideos/024_3,Macro,1,2271,2484,3001,213
024,./SAMM_longvideos/024_3,Macro,1,2715,2833,3001,118
024,./SAMM_longvideos/024_5,Macro,1,156,270,1000,114
025,./SAMM_longvideos/025_3,Macro,1,1,865,3501,864
025,./SAMM_longvideos/025_3,Macro,1,544,771,3501,227
025,./SAMM_longvideos/025_3,Macro,1,985,1102,3501,117
025,./SAMM_longvideos/025_3,Macro,1,2395,2578,3501,183
025,./SAMM_longvideos/025_3,Macro,1,3035,3184,3501,149
025,./SAMM_longvideos/025_4,Micro,2,616,702,3500,86
025,./SAMM_longvideos/025_4,Micro,2,2828,2908,3500,80
025,./SAMM_longvideos/025_5,Macro,1,840,979,2000,139
025,./SAMM_longvideos/025_5,Micro,2,840,937,2000,97
025,./SAMM_longvideos/025_6,Micro,2,822,896,1000,74
026,./SAMM_longvideos/026_1,Micro,2,117,203,1001,86
026,./SAMM_longvideos/026_1,Micro,2,295,370,1001,75
026,./SAMM_longvideos/026_2,Macro,1,724,836,4762,112
026,./SAMM_longvideos/026_2,Macro,1,1239,1353,4762,114
026,./SAMM_longvideos/026_2,Macro,1,2049,2150,4762,101
026,./SAMM_longvideos/026_2,Micro,2,2607,2685,4762,78
026,./SAMM_longvideos/026_2,Micro,2,2881,2947,4762,66
026,./SAMM_longvideos/026_2,Micro,2,2952,3028,4762,76
026,./SAMM_longvideos/026_2,Micro,2,4015,4098,4762,83
026,./SAMM_longvideos/026_3,Macro,1,725,862,4133,137
026,./SAMM_longvideos/026_3,Macro,1,1341,1483,4133,142
026,./SAMM_longvideos/026_3,Macro,1,3641,3861,4133,220
026,./SAMM_longvideos/026_3,Macro,1,3862,4132,4133,270
026,./SAMM_longvideos/026_3,Micro,2,1704,1737,4133,33
026,./SAMM_longvideos/026_3,Micro,2,3582,3640,4133,58
026,./SAMM_longvideos/026_5,Micro,2,573,646,1000,73
026,./SAMM_longvideos/026_6,Micro,2,348,441,1000,93
026,./SAMM_longvideos/026_7,Macro,1,817,1029,5000,211
026,./SAMM_longvideos/026_7,Micro,2,1750,1844,5000,94
026,./SAMM_longvideos/026_7,Micro,2,1848,1947,5000,99
026,./SAMM_longvideos/026_7,Micro,2,4579,4654,5000,75
028,./SAMM_longvideos/028_4,Macro,1,939,1066,2001,127
028,./SAMM_longvideos/028_4,Macro,1,1596,1834,2001,238
028,./SAMM_longvideos/028_4,Micro,2,370,441,2001,71
028,./SAMM_longvideos/028_4,Micro,2,1071,1134,2001,63
028,./SAMM_longvideos/028_4,Micro,2,1288,1376,2001,88
030,./SAMM_longvideos/030_1,Macro,1,2754,3310,5000,556
030,./SAMM_longvideos/030_1,Macro,1,4276,4495,5000,219
030,./SAMM_longvideos/030_1,Micro,2,379,460,5000,81
030,./SAMM_longvideos/030_1,Micro,2,4344,4434,5000,90
030,./SAMM_longvideos/030_2,Macro,1,942,1137,2001,195
030,./SAMM_longvideos/030_5,Macro,1,376,701,3500,325
030,./SAMM_longvideos/030_5,Macro,1,2114,2438,3500,324
030,./SAMM_longvideos/030_5,Micro,2,421,501,3500,80
031,./SAMM_longvideos/031_3,Micro,2,331,386,654,55
032,./SAMM_longvideos/032_2,Macro,1,584,875,4841,291
032,./SAMM_longvideos/032_2,Macro,1,1446,1796,4841,350
032,./SAMM_longvideos/032_2,Macro,1,2193,2905,4841,712
032,./SAMM_longvideos/032_2,Macro,1,2915,3464,4841,549
032,./SAMM_longvideos/032_2,Macro,1,4573,4713,4841,140
032,./SAMM_longvideos/032_3,Macro,1,230,400,2245,170
032,./SAMM_longvideos/032_3,Micro,2,425,469,2245,44
032,./SAMM_longvideos/032_3,Micro,2,1896,1970,2245,74
032,./SAMM_longvideos/032_3,Micro,2,2126,2207,2245,81
032,./SAMM_longvideos/032_4,Macro,1,4587,4784,5550,197
032,./SAMM_longvideos/032_4,Macro,1,4881,5107,5550,226
032,./SAMM_longvideos/032_4,Micro,2,408,479,5550,71
032,./SAMM_longvideos/032_4,Micro,2,3307,3371,5550,64
032,./SAMM_longvideos/032_5,Macro,1,815,956,2000,141
032,./SAMM_longvideos/032_6,Macro,1,452,889,1000,437
032,./SAMM_longvideos/032_6,Micro,2,307,366,1000,59
033,./SAMM_longvideos/033_1,Macro,1,872,1213,5695,341
033,./SAMM_longvideos/033_1,Macro,1,2209,2943,5695,734
033,./SAMM_longvideos/033_1,Macro,1,2950,5688,5695,2738
033,./SAMM_longvideos/033_1,Micro,2,957,1009,5695,52
033,./SAMM_longvideos/033_1,Micro,2,1541,1609,5695,68
033,./SAMM_longvideos/033_1,Micro,2,1889,1973,5695,84
033,./SAMM_longvideos/033_2,Macro,1,2091,2315,4001,224
033,./SAMM_longvideos/033_2,Macro,1,2806,2911,4001,105
033,./SAMM_longvideos/033_2,Micro,2,695,776,4001,81
033,./SAMM_longvideos/033_2,Micro,2,2117,2215,4001,98
033,./SAMM_longvideos/033_3,Macro,1,617,747,1056,130
033,./SAMM_longvideos/033_4,Macro,1,539,822,1500,283
033,./SAMM_longvideos/033_5,Macro,1,392,529,530,137
033,./SAMM_longvideos/033_6,Macro,1,855,1219,2000,364
033,./SAMM_longvideos/033_7,Macro,1,160,325,4503,165
033,./SAMM_longvideos/033_7,Macro,1,4053,4503,4503,450
034,./SAMM_longvideos/034_3,Micro,2,129,217,500,88
034,./SAMM_longvideos/034_6,Macro,1,208,366,4000,158
034,./SAMM_longvideos/034_6,Macro,1,3522,3711,4000,189
034,./SAMM_longvideos/034_7,Macro,1,1038,1544,4001,506
034,./SAMM_longvideos/034_7,Macro,1,2127,2343,4001,216
034,./SAMM_longvideos/034_7,Micro,2,1578,1655,4001,77
034,./SAMM_longvideos/034_7,Micro,2,3636,3719,4001,83
035,./SAMM_longvideos/035_1,Macro,1,523,730,1000,207
035,./SAMM_longvideos/035_1,Micro,2,649,691,1000,42
035,./SAMM_longvideos/035_2,Macro,1,527,742,2694,215
035,./SAMM_longvideos/035_2,Macro,1,1643,1756,2694,113
035,./SAMM_longvideos/035_2,Macro,1,1794,1944,2694,150
035,./SAMM_longvideos/035_3,Macro,1,265,829,1538,564
035,./SAMM_longvideos/035_3,Macro,1,1265,1538,1538,273
035,./SAMM_longvideos/035_4,Macro,1,1464,1591,3001,127
035,./SAMM_longvideos/035_4,Micro,2,231,263,3001,32
035,./SAMM_longvideos/035_4,Micro,2,1509,1574,3001,65
035,./SAMM_longvideos/035_5,Micro,2,253,341,3001,88
035,./SAMM_longvideos/035_5,Micro,2,408,468,3001,60
035,./SAMM_longvideos/035_5,Micro,2,2409,2473,3001,64
035,./SAMM_longvideos/035_6,Macro,1,3388,5019,5634,1631
035,./SAMM_longvideos/035_6,Macro,1,4387,4850,5634,463
035,./SAMM_longvideos/035_6,Macro,1,5329,5633,5634,304
035,./SAMM_longvideos/035_6,Micro,2,180,236,5634,56
035,./SAMM_longvideos/035_7,Macro,1,4527,4742,9001,215
035,./SAMM_longvideos/035_7,Macro,1,5191,5294,9001,103
035,./SAMM_longvideos/035_7,Macro,1,6964,7154,9001,190
035,./SAMM_longvideos/035_7,Micro,2,823,918,9001,95
035,./SAMM_longvideos/035_7,Micro,2,7809,7853,9001,44
036,./SAMM_longvideos/036_2,Macro,1,1228,3177,3859,1949
036,./SAMM_longvideos/036_2,Macro,1,1744,2122,3859,378
036,./SAMM_longvideos/036_2,Macro,1,2639,3170,3859,531
036,./SAMM_longvideos/036_2,Macro,1,3311,3859,3859,548
036,./SAMM_longvideos/036_4,Macro,1,1024,1312,4000,288
036,./SAMM_longvideos/036_4,Macro,1,2932,3111,4000,179
036,./SAMM_longvideos/036_4,Macro,1,3112,3470,4000,358
036,./SAMM_longvideos/036_6,Macro,1,1031,1671,5458,640
036,./SAMM_longvideos/036_6,Macro,1,1672,2449,5458,777
036,./SAMM_longvideos/036_6,Macro,1,2450,3208,5458,758
036,./SAMM_longvideos/036_6,Macro,1,3209,5457,5458,2248
036,./SAMM_longvideos/036_7,Macro,1,1052,1450,8201,398
036,./SAMM_longvideos/036_7,Macro,1,1661,5596,8201,3935
036,./SAMM_longvideos/036_7,Macro,1,2209,2740,8201,531
036,./SAMM_longvideos/036_7,Macro,1,3415,3719,8201,304
036,./SAMM_longvideos/036_7,Macro,1,6010,6314,8201,304
036,./SAMM_longvideos/036_7,Micro,2,2264,2363,8201,99
037,./SAMM_longvideos/037_2,Macro,1,1171,1307,1380,136
037,./SAMM_longvideos/037_3,Macro,1,1480,1742,3566,262
037,./SAMM_longvideos/037_3,Macro,1,3304,3472,3566,168
037,./SAMM_longvideos/037_3,Micro,2,3196,3295,3566,99
037,./SAMM_longvideos/037_3,Micro,2,3306,3382,3566,76
037,./SAMM_longvideos/037_4,Macro,1,1487,1605,5488,118
037,./SAMM_longvideos/037_4,Macro,1,3404,3973,5488,569
037,./SAMM_longvideos/037_4,Macro,1,4988,5113,5488,125
037,./SAMM_longvideos/037_4,Micro,2,1488,1577,5488,89
037,./SAMM_longvideos/037_5,Macro,1,1717,1843,5001,126
037,./SAMM_longvideos/037_5,Macro,1,4207,4656,5001,449
037,./SAMM_longvideos/037_7,Macro,1,804,1133,1133,329
